"MarkerName","Allele1","Allele2","Freq1","Effect","StdErr","Pvalue","HetPVal","TotalSampleSize","EffSampleSize","chr","pos"
"2:213391766","a","g",0.1512,0.1663,0.0219,3.344e-14,0.2772,113246,17192,2,213391766
"2:213391750","a","c",0.8488,-0.1663,0.0219,3.368e-14,0.2772,113246,17192,2,213391750
"2:213391696","t","c",0.8488,-0.1663,0.0219,3.43e-14,0.277,113246,17192,2,213391696
"2:213391220","a","t",0.1511,0.1661,0.0219,3.643e-14,0.2766,113246,17192,2,213391220
"2:213391114","a","t",0.8487,-0.1659,0.0219,3.855e-14,0.2697,113246,17192,2,213391114
"2:213395507","a","c",0.8488,-0.1652,0.0219,4.967e-14,0.258,113246,17192,2,213395507
"2:213396169","t","g",0.1511,0.1654,0.022,5.241e-14,0.2583,113246,17192,2,213396169
"2:213390687","t","c",0.1512,0.165,0.0219,5.295e-14,0.2443,113246,17192,2,213390687
"2:213389764","a","g",0.8488,-0.165,0.0219,5.363e-14,0.2439,113246,17192,2,213389764
"2:213395552","t","c",0.1512,0.165,0.0219,5.418e-14,0.2686,113246,17192,2,213395552
"2:213384298","t","g",0.8473,-0.1646,0.0219,5.474e-14,0.1674,113246,17192,2,213384298
"2:213394605","t","c",0.1513,0.1647,0.0219,5.565e-14,0.2767,113246,17192,2,213394605
"2:213384955","t","c",0.8414,-0.1624,0.0216,5.959e-14,0.4142,113246,17192,2,213384955
"2:213384953","t","c",0.8414,-0.1624,0.0216,5.973e-14,0.4145,113246,17192,2,213384953
"2:213387563","t","c",0.151,0.1647,0.0219,6.088e-14,0.2693,113246,17192,2,213387563
"2:213394370","a","t",0.8406,-0.1623,0.0216,6.122e-14,0.428,113246,17192,2,213394370
"2:213394508","c","g",0.1593,0.1621,0.0216,6.801e-14,0.4228,113246,17192,2,213394508
"2:213397889","c","g",0.1759,0.1557,0.021,1.237e-13,0.6653,113246,17192,2,213397889
"2:213394712","c","g",0.8247,-0.1548,0.0209,1.243e-13,0.6518,113246,17192,2,213394712
"2:213399917","a","g",0.8404,-0.163,0.022,1.319e-13,0.3692,113246,17192,2,213399917
"2:213400033","a","g",0.8402,-0.1629,0.022,1.422e-13,0.3675,113246,17192,2,213400033
"2:213361634","t","c",0.8794,-0.1797,0.025,6.616e-13,0.3522,113246,17192,2,213361634
"2:213385616:ID","d","i",0.848,-0.1673,0.0234,8.056e-13,0.3841,104786,14842,2,213385616
"11:30226356","t","c",0.8537,-0.1593,0.0223,8.664e-13,0.01984,113246,17192,11,30226356
"11:30226528","a","g",0.1467,0.1585,0.0223,1.062e-12,0.01833,113246,17192,11,30226528
"8:11623889","a","t",0.2616,0.1276,0.0184,3.761e-12,0.0002882,110282,16895,8,11623889
"8:11624416","c","g",0.7517,-0.1308,0.019,5.137e-12,0.000539,110282,16895,8,11624416
"11:30357309:ID","d","i",0.1767,0.2847,0.0415,7.197e-12,0.8341,16843,5085,11,30357309
"8:11620315","t","c",0.4764,0.1104,0.0164,1.608e-11,0.07391,110282,16895,8,11620315
"11:30215261","a","t",0.1336,0.1559,0.0232,1.832e-11,0.03859,113246,17192,11,30215261
"8:11625205","a","c",0.7095,-0.122,0.0182,2.072e-11,0.00187,110282,16895,8,11625205
"8:11621450","a","g",0.6499,-0.1142,0.0171,2.57e-11,0.003588,110282,16895,8,11621450
"8:11620461","a","g",0.2543,0.1218,0.0185,4.87e-11,0.0002946,110282,16895,8,11620461
"11:30344725","t","c",0.1651,0.1397,0.0213,5.431e-11,0.01913,113246,17192,11,30344725
"11:102043240","a","g",0.0941,0.1787,0.0272,5.438e-11,0.1215,113246,17192,11,102043240
"11:30342150","a","g",0.1651,0.1395,0.0213,5.83e-11,0.01903,113246,17192,11,30342150
"11:30319259","a","g",0.1652,0.1394,0.0213,5.853e-11,0.01699,113246,17192,11,30319259
"11:30349487:ID","d","i",0.1654,0.2704,0.0413,5.867e-11,0.7191,16843,5085,11,30349487
"11:30319433","a","g",0.1652,0.1393,0.0213,5.968e-11,0.01688,113246,17192,11,30319433
"11:30307989","a","g",0.8349,-0.1393,0.0213,6.018e-11,0.01675,113246,17192,11,30307989
"11:30316822","a","g",0.8349,-0.1393,0.0213,6.055e-11,0.01684,113246,17192,11,30316822
"11:30344591","t","c",0.1653,0.1393,0.0213,6.115e-11,0.01809,113246,17192,11,30344591
"11:30317733","t","g",0.8345,-0.1393,0.0213,6.152e-11,0.01624,113246,17192,11,30317733
"11:30339461","a","g",0.8338,-0.1392,0.0213,6.235e-11,0.01669,113246,17192,11,30339461
"11:30336002","a","g",0.1652,0.139,0.0213,6.675e-11,0.01768,113246,17192,11,30336002
"11:30338842","a","g",0.8348,-0.139,0.0213,6.678e-11,0.01764,113246,17192,11,30338842
"11:30343757","t","c",0.1652,0.139,0.0213,6.684e-11,0.01835,113246,17192,11,30343757
"11:30337523","t","c",0.1669,0.1389,0.0213,6.787e-11,0.02753,113246,17192,11,30337523
"11:30342495","a","g",0.1652,0.1389,0.0213,7.03e-11,0.01805,113246,17192,11,30342495
"11:30306439","t","c",0.1545,0.1426,0.0219,7.056e-11,0.0283,113246,17192,11,30306439
"11:30242287","t","c",0.8345,-0.1389,0.0213,7.392e-11,0.02317,113246,17192,11,30242287
"9:126619233","a","g",0.0679,0.202,0.0311,7.958e-11,0.8619,113246,17192,9,126619233
"11:30354904","a","c",0.8444,-0.1416,0.0218,8.304e-11,0.0285,113246,17192,11,30354904
"11:30355197","t","c",0.1556,0.1416,0.0218,8.325e-11,0.02848,113246,17192,11,30355197
"8:11631504","t","c",0.3936,-0.1107,0.0171,8.48e-11,0.01386,110282,16895,8,11631504
"11:30296055","t","c",0.8448,-0.1417,0.0218,8.55e-11,0.0271,113246,17192,11,30296055
"11:30305675","t","c",0.1552,0.1414,0.0218,9.1e-11,0.02563,113246,17192,11,30305675
"8:11619635","a","t",0.6579,-0.1106,0.0171,9.369e-11,0.004947,110282,16895,8,11619635
"11:30355903","t","c",0.1557,0.1412,0.0218,9.371e-11,0.02873,113246,17192,11,30355903
"11:30354857","t","c",0.8443,-0.1412,0.0218,9.457e-11,0.02742,113246,17192,11,30354857
"11:30354895","a","g",0.8443,-0.1412,0.0218,9.459e-11,0.02742,113246,17192,11,30354895
"11:30359231","a","g",0.8443,-0.1412,0.0218,9.566e-11,0.02857,113246,17192,11,30359231
"11:30355857","t","c",0.1557,0.1411,0.0218,9.627e-11,0.02729,113246,17192,11,30355857
"8:11629129","c","g",0.5976,0.1095,0.0169,9.708e-11,0.02062,110282,16895,8,11629129
"11:30360225","a","g",0.1557,0.1411,0.0218,9.922e-11,0.02807,113246,17192,11,30360225
"11:30356420","t","c",0.8443,-0.141,0.0218,1.004e-10,0.02815,113246,17192,11,30356420
"11:30359892","a","g",0.8443,-0.1409,0.0218,1.032e-10,0.02792,113246,17192,11,30359892
"11:30360026","t","c",0.8443,-0.1409,0.0218,1.033e-10,0.02791,113246,17192,11,30360026
"11:30360794","t","c",0.1557,0.1409,0.0218,1.045e-10,0.02785,113246,17192,11,30360794
"11:30309827","t","c",0.1553,0.1408,0.0218,1.046e-10,0.02551,113246,17192,11,30309827
"8:11619334","t","c",0.6579,-0.1103,0.0171,1.081e-10,0.004937,110282,16895,8,11619334
"9:126620557","t","c",0.0675,0.2014,0.0312,1.092e-10,0.8581,113246,17192,9,126620557
"11:30314858","a","c",0.1553,0.1407,0.0218,1.095e-10,0.02448,113246,17192,11,30314858
"9:126620832","a","g",0.0675,0.2014,0.0312,1.096e-10,0.8583,113246,17192,9,126620832
"11:30329175","a","g",0.8366,-0.1389,0.0215,1.102e-10,0.01723,113246,17192,11,30329175
"11:30312239","t","c",0.1553,0.1406,0.0218,1.114e-10,0.02443,113246,17192,11,30312239
"11:30312187","a","g",0.8447,-0.1406,0.0218,1.116e-10,0.02449,113246,17192,11,30312187
"11:30327006","a","g",0.1554,0.1405,0.0218,1.128e-10,0.02619,113246,17192,11,30327006
"11:30306650","a","t",0.8447,-0.1406,0.0218,1.132e-10,0.02492,113246,17192,11,30306650
"11:30308159","t","c",0.1553,0.1406,0.0218,1.141e-10,0.02486,113246,17192,11,30308159
"11:30309905","t","c",0.1553,0.1405,0.0218,1.148e-10,0.0246,113246,17192,11,30309905
"11:30363101","a","g",0.1557,0.1406,0.0218,1.149e-10,0.0283,113246,17192,11,30363101
"11:30325865","a","g",0.1554,0.1404,0.0218,1.15e-10,0.02605,113246,17192,11,30325865
"11:30309869","t","c",0.1553,0.1405,0.0218,1.152e-10,0.02477,113246,17192,11,30309869
"11:30366528","a","t",0.1557,0.1406,0.0218,1.193e-10,0.02564,113246,17192,11,30366528
"11:30374608","a","g",0.8286,-0.1356,0.0211,1.194e-10,0.02716,113246,17192,11,30374608
"11:30375889","t","c",0.1714,0.1356,0.0211,1.199e-10,0.02729,113246,17192,11,30375889
"11:30363545","t","c",0.8443,-0.1404,0.0218,1.219e-10,0.03094,113246,17192,11,30363545
"8:11630915","t","c",0.4246,-0.1077,0.0167,1.23e-10,0.01119,110282,16895,8,11630915
"11:30370218","a","g",0.8433,-0.1404,0.0218,1.235e-10,0.02909,113246,17192,11,30370218
"11:30372818","t","c",0.1555,0.1405,0.0218,1.245e-10,0.02919,113246,17192,11,30372818
"11:30376902","a","c",0.8286,-0.1354,0.0211,1.277e-10,0.02813,113246,17192,11,30376902
"11:30376314","a","t",0.1707,0.1357,0.0211,1.279e-10,0.03059,113246,17192,11,30376314
"8:11618688","t","c",0.6577,-0.1098,0.0171,1.303e-10,0.004739,110282,16895,8,11618688
"11:30371615","t","c",0.1555,0.1403,0.0218,1.311e-10,0.02853,113246,17192,11,30371615
"11:30371313","t","c",0.1555,0.1403,0.0218,1.327e-10,0.02834,113246,17192,11,30371313
"8:11620769","t","c",0.659,-0.11,0.0171,1.351e-10,0.004844,110282,16895,8,11620769
"8:11616501","t","c",0.6649,-0.1103,0.0172,1.356e-10,0.008609,110282,16895,8,11616501
"2:213394320","t","c",0.3277,0.1103,0.0172,1.446e-10,0.6812,113246,17192,2,213394320
"5:131813204","t","c",0.7291,0.1235,0.0193,1.453e-10,0.855,113246,17192,5,131813204
"9:126539944","a","g",0.9316,-0.1986,0.031,1.504e-10,0.7512,113246,17192,9,126539944
"8:11632827:ID","d","i",0.4109,-0.1161,0.0181,1.509e-10,0.002497,101822,14545,8,11632827
"5:131816903","a","c",0.7466,0.1254,0.0196,1.663e-10,0.9889,113246,17192,5,131816903
"8:11628471","t","c",0.4262,-0.1067,0.0167,1.728e-10,0.01119,110282,16895,8,11628471
"9:126582578","t","c",0.9324,-0.1983,0.0311,1.761e-10,0.81,113246,17192,9,126582578
"9:126559993","t","c",0.9324,-0.198,0.0311,1.834e-10,0.8204,113246,17192,9,126559993
"11:113949232","t","c",0.8237,0.1438,0.0226,1.876e-10,0.0927,113246,17192,11,113949232
"2:213389346","a","g",0.6726,-0.1095,0.0172,1.878e-10,0.6667,113246,17192,2,213389346
"11:30382899","t","c",0.1727,0.134,0.021,1.89e-10,0.04093,113246,17192,11,30382899
"8:11630081","a","t",0.5747,0.1065,0.0167,1.913e-10,0.009886,110282,16895,8,11630081
"9:126548335","t","c",0.0679,0.1978,0.0311,1.933e-10,0.7569,113246,17192,9,126548335
"5:131823927","t","c",0.746,0.1247,0.0196,1.937e-10,0.9883,113246,17192,5,131823927
"2:213387900","t","c",0.3271,0.1091,0.0172,2.035e-10,0.6792,113246,17192,2,213387900
"8:11616410","t","c",0.4606,0.104,0.0164,2.162e-10,0.04844,110282,16895,8,11616410
"9:126555072","c","g",0.068,0.197,0.0311,2.286e-10,0.7584,113246,17192,9,126555072
"8:11631562","a","g",0.582,0.1063,0.0168,2.331e-10,0.005228,110282,16895,8,11631562
"11:30252352","t","g",0.1549,0.1386,0.0219,2.482e-10,0.04225,113246,17192,11,30252352
"8:11630429","a","c",0.4087,-0.1068,0.0169,2.49e-10,0.02236,110282,16895,8,11630429
"8:11629852","a","t",0.5742,0.1057,0.0167,2.592e-10,0.01207,110282,16895,8,11629852
"9:126632709","t","c",0.066,0.1994,0.0316,2.603e-10,0.8718,113246,17192,9,126632709
"9:126535553","t","c",0.9319,-0.1961,0.031,2.629e-10,0.748,113246,17192,9,126535553
"2:213385817","a","g",0.3037,0.1101,0.0174,2.64e-10,0.3514,113246,17192,2,213385817
"11:113949740","a","g",0.1753,-0.1438,0.0228,2.672e-10,0.1311,113246,17192,11,113949740
"9:126637444","t","c",0.0658,0.1986,0.0315,3.04e-10,0.8628,113246,17192,9,126637444
"11:30357302:ID","d","i",0.8553,-0.1544,0.0245,3.048e-10,0.00926,104786,14842,11,30357302
"8:11628659","t","c",0.5908,0.106,0.0169,3.275e-10,0.02366,110282,16895,8,11628659
"2:213386267","t","c",0.6964,-0.1095,0.0174,3.351e-10,0.3704,113246,17192,2,213386267
"9:126642252","a","g",0.9342,-0.1982,0.0316,3.378e-10,0.862,113246,17192,9,126642252
"2:43561780","a","g",0.4507,-0.1081,0.0172,3.678e-10,0.1843,113246,17192,2,43561780
"11:30240178","a","c",0.1549,0.1372,0.0219,3.814e-10,0.04363,113246,17192,11,30240178
"9:126535642","t","c",0.9321,-0.1949,0.0311,3.85e-10,0.752,113246,17192,9,126535642
"11:30381076","t","c",0.826,-0.1311,0.021,3.92e-10,0.02559,113246,17192,11,30381076
"9:126637668","t","g",0.9441,-0.2148,0.0344,4.156e-10,0.7173,113246,17192,9,126637668
"2:213388276","a","g",0.3034,0.1087,0.0174,4.515e-10,0.3422,113246,17192,2,213388276
"11:30365903:ID","d","i",0.1708,0.2502,0.0402,5.104e-10,0.9259,16843,5085,11,30365903
"2:43561771","a","g",0.5297,0.1052,0.0169,5.117e-10,0.1546,113246,17192,2,43561771
"11:30364195:ID","d","i",0.129,0.2963,0.0477,5.147e-10,0.6143,16843,5085,11,30364195
"2:213364056","a","g",0.1025,0.1641,0.0264,5.361e-10,0.2319,113246,17192,2,213364056
"11:30395871","t","c",0.1672,0.1336,0.0216,6.157e-10,0.03354,113246,17192,11,30395871
"8:11622293","t","c",0.3898,-0.1051,0.017,6.576e-10,0.006953,110282,16895,8,11622293
"8:11627621","c","g",0.4305,-0.103,0.0167,7.119e-10,0.01086,110282,16895,8,11627621
"11:30369162:ID","d","i",0.8449,-0.1429,0.0232,7.846e-10,0.0155,104786,14842,11,30369162
"16:52375777","a","t",0.815,-0.1273,0.0208,9.61e-10,0.2777,113246,17192,16,52375777
"2:213331411","t","c",0.8995,-0.1631,0.0267,1.003e-09,0.2643,113246,17192,2,213331411
"2:213331841","c","g",0.1001,0.1621,0.0267,1.331e-09,0.276,113246,17192,2,213331841
"5:131815357","a","g",0.3284,-0.1071,0.0177,1.473e-09,0.9134,113246,17192,5,131815357
"5:131816241","t","c",0.6702,0.107,0.0177,1.497e-09,0.8952,113246,17192,5,131816241
"5:131814264","t","c",0.6719,0.1071,0.0177,1.552e-09,0.9174,113246,17192,5,131814264
"5:131815004","a","c",0.3283,-0.1068,0.0177,1.643e-09,0.9126,113246,17192,5,131815004
"11:102070494","t","c",0.0877,0.1679,0.0279,1.707e-09,0.1163,113246,17192,11,102070494
"12:75941042","t","c",0.2398,-0.1174,0.0195,1.808e-09,0.2977,113246,17192,12,75941042
"5:131817775","a","g",0.6722,0.1064,0.0177,1.816e-09,0.9149,113246,17192,5,131817775
"5:131816087","t","c",0.6716,0.1064,0.0177,1.817e-09,0.9076,113246,17192,5,131816087
"5:131817829","t","c",0.3287,-0.1063,0.0177,1.818e-09,0.9004,113246,17192,5,131817829
"12:75935157","t","c",0.2446,-0.1162,0.0193,1.868e-09,0.2673,113246,17192,12,75935157
"11:102070639","a","g",0.9121,-0.1673,0.0278,1.87e-09,0.1016,113246,17192,11,102070639
"5:131814091","c","g",0.6825,0.1085,0.0181,1.915e-09,0.9307,113246,17192,5,131814091
"11:102070361","a","g",0.9121,-0.1672,0.0279,1.923e-09,0.1108,113246,17192,11,102070361
"5:131816711","a","c",0.6715,0.1062,0.0177,1.933e-09,0.9069,113246,17192,5,131816711
"5:131816716","t","c",0.6715,0.1061,0.0177,1.94e-09,0.9069,113246,17192,5,131816716
"5:131818201","t","c",0.6713,0.106,0.0177,1.975e-09,0.9001,113246,17192,5,131818201
"8:11632279","a","c",0.2322,0.1143,0.0191,2.191e-09,0.004869,110282,16895,8,11632279
"5:131817960","t","g",0.733,0.1201,0.0201,2.264e-09,0.9303,113246,17192,5,131817960
"5:131818554","a","g",0.3288,-0.1056,0.0177,2.276e-09,0.9019,113246,17192,5,131818554
"5:131818631","t","g",0.3288,-0.1056,0.0177,2.284e-09,0.902,113246,17192,5,131818631
"11:102061593","a","g",0.088,0.167,0.028,2.31e-09,0.1078,113246,17192,11,102061593
"20:31420757","a","t",0.4989,-0.0975,0.0163,2.358e-09,0.6659,113246,17192,20,31420757
"5:131813350","t","c",0.6859,0.1079,0.0181,2.374e-09,0.8347,113246,17192,5,131813350
"5:131821633","a","c",0.3169,-0.1078,0.0181,2.441e-09,0.8699,113246,17192,5,131821633
"5:131818649","t","c",0.6712,0.1052,0.0176,2.514e-09,0.9009,113246,17192,5,131818649
"11:102060572","t","c",0.0882,0.1665,0.0279,2.537e-09,0.1289,113246,17192,11,102060572
"5:131819126","t","c",0.3286,-0.1051,0.0176,2.557e-09,0.9058,113246,17192,5,131819126
"11:102061213","a","c",0.9119,-0.1665,0.028,2.593e-09,0.1024,113246,17192,11,102061213
"5:131820275","a","c",0.3288,-0.1049,0.0176,2.704e-09,0.9068,113246,17192,5,131820275
"5:131819970","t","c",0.6713,0.1049,0.0176,2.795e-09,0.9041,113246,17192,5,131819970
"5:131819977","t","c",0.3287,-0.1048,0.0176,2.816e-09,0.9041,113246,17192,5,131819977
"8:11634194","a","t",0.2365,0.1133,0.0191,2.836e-09,0.004252,110282,16895,8,11634194
"12:75933024","a","c",0.2446,-0.1149,0.0193,2.837e-09,0.2839,113246,17192,12,75933024
"5:131819800","a","g",0.3286,-0.1048,0.0176,2.843e-09,0.9024,113246,17192,5,131819800
"8:11627261","c","g",0.7594,-0.1125,0.0189,2.852e-09,0.002254,110282,16895,8,11627261
"8:11627113","c","g",0.7686,-0.1135,0.0191,2.911e-09,0.002537,110282,16895,8,11627113
"5:131820824","a","g",0.6639,0.1049,0.0177,2.958e-09,0.9223,113246,17192,5,131820824
"5:131821188","t","c",0.3291,-0.1046,0.0176,2.967e-09,0.9147,113246,17192,5,131821188
"8:11626633","t","c",0.3129,0.1039,0.0175,2.979e-09,0.02733,110282,16895,8,11626633
"12:75914049","t","c",0.7137,0.1129,0.019,2.98e-09,0.841,113246,17192,12,75914049
"5:131819798","t","c",0.6758,0.105,0.0177,3.004e-09,0.8932,113246,17192,5,131819798
"5:131821246","a","g",0.3293,-0.1045,0.0176,3.024e-09,0.9068,113246,17192,5,131821246
"8:11607352","t","c",0.4863,-0.0974,0.0164,3.113e-09,0.05995,110282,16895,8,11607352
"8:11629809","c","g",0.7673,-0.113,0.0191,3.117e-09,0.0038,110282,16895,8,11629809
"11:102052006","t","c",0.0818,0.1728,0.0292,3.182e-09,0.08282,113246,17192,11,102052006
"5:131821558","a","g",0.6708,0.1043,0.0176,3.33e-09,0.9137,113246,17192,5,131821558
"12:75932955","a","t",0.7544,0.1141,0.0193,3.495e-09,0.2898,113246,17192,12,75932955
"20:31420756:ID","d","i",0.46,-0.1057,0.0179,3.532e-09,0.2193,104786,14842,20,31420756
"5:131821548","c","g",0.6854,0.1074,0.0182,3.553e-09,0.8605,113246,17192,5,131821548
"12:75933675","a","g",0.7546,0.1138,0.0193,3.823e-09,0.2928,113246,17192,12,75933675
"12:75936301","a","t",0.2453,-0.1137,0.0193,3.854e-09,0.3051,113246,17192,12,75936301
"8:11619397","a","g",0.2312,0.1121,0.019,3.959e-09,0.0007281,110282,16895,8,11619397
"12:75935230","t","c",0.2454,-0.1136,0.0193,4.039e-09,0.296,113246,17192,12,75935230
"12:75925776","a","g",0.7349,0.1105,0.0188,4.162e-09,0.5569,113246,17192,12,75925776
"12:75949158","c","g",0.7607,0.1143,0.0195,4.563e-09,0.38,113246,17192,12,75949158
"12:56477694","a","t",0.416,0.0971,0.0166,4.568e-09,0.1915,113246,17192,12,56477694
"12:75947084","a","g",0.7607,0.1143,0.0195,4.589e-09,0.3792,113246,17192,12,75947084
"12:75980719","t","c",0.202,-0.1222,0.0209,4.589e-09,0.7942,113246,17192,12,75980719
"5:131821738","a","c",0.3299,-0.1032,0.0176,4.668e-09,0.905,113246,17192,5,131821738
"5:131821788","t","c",0.3299,-0.1031,0.0176,4.848e-09,0.9046,113246,17192,5,131821788
"12:75916648","c","g",0.7345,0.1102,0.0188,4.968e-09,0.5735,113246,17192,12,75916648
"16:52378173","t","c",0.1758,0.1247,0.0213,4.995e-09,0.414,113246,17192,16,52378173
"12:75980964","a","g",0.2011,-0.1216,0.0208,5.001e-09,0.8339,113246,17192,12,75980964
"12:75919650","a","t",0.735,0.1101,0.0188,5.061e-09,0.565,113246,17192,12,75919650
"12:56478658","a","c",0.4164,0.0968,0.0166,5.083e-09,0.194,113246,17192,12,56478658
"5:131822072","a","g",0.67,0.1029,0.0176,5.091e-09,0.904,113246,17192,5,131822072
"5:131822224","t","c",0.67,0.1029,0.0176,5.149e-09,0.9039,113246,17192,5,131822224
"5:131822055","t","c",0.6756,0.1037,0.0178,5.256e-09,0.7731,113246,17192,5,131822055
"12:75963160","a","g",0.203,-0.1215,0.0208,5.373e-09,0.9006,113246,17192,12,75963160
"12:56470625","t","c",0.5803,-0.0965,0.0165,5.392e-09,0.1934,113246,17192,12,56470625
"12:75946124","c","g",0.2444,-0.1128,0.0193,5.429e-09,0.2949,113246,17192,12,75946124
"5:131823187","a","g",0.6701,0.1028,0.0176,5.451e-09,0.9027,113246,17192,5,131823187
"5:131827825","c","g",0.3291,-0.1032,0.0177,5.506e-09,0.8931,113246,17192,5,131827825
"12:75963298","a","g",0.2007,-0.1213,0.0208,5.63e-09,0.8575,113246,17192,12,75963298
"12:56478002","a","c",0.4165,0.0964,0.0166,5.886e-09,0.1923,113246,17192,12,56478002
"12:75981887","t","c",0.7962,0.1205,0.0207,5.921e-09,0.7566,113246,17192,12,75981887
"8:11625008","a","g",0.4177,-0.0978,0.0168,5.953e-09,0.01938,110282,16895,8,11625008
"5:131819921","a","c",0.4358,-0.0966,0.0166,5.971e-09,0.8649,113246,17192,5,131819921
"12:75930126","a","g",0.7337,0.1089,0.0187,5.974e-09,0.566,113246,17192,12,75930126
"5:131824486","a","c",0.6701,0.1025,0.0176,6.03e-09,0.8982,113246,17192,5,131824486
"16:52375540","a","g",0.8199,-0.1206,0.0207,6.064e-09,0.3777,113246,17192,16,52375540
"8:11622001","a","g",0.4203,-0.0972,0.0167,6.11e-09,0.008055,110282,16895,8,11622001
"5:131824064","a","t",0.3255,-0.1028,0.0177,6.246e-09,0.891,113246,17192,5,131824064
"8:11623456","t","c",0.4277,-0.097,0.0167,6.285e-09,0.01675,110282,16895,8,11623456
"5:131825842","t","g",0.5648,0.0967,0.0166,6.291e-09,0.8366,113246,17192,5,131825842
"5:131823519","a","g",0.6745,0.1027,0.0177,6.332e-09,0.8945,113246,17192,5,131823519
"5:131829578","a","c",0.6695,0.1026,0.0177,6.392e-09,0.8928,113246,17192,5,131829578
"8:11627214","a","c",0.4411,-0.0965,0.0166,6.441e-09,0.01319,110282,16895,8,11627214
"12:75962912","a","g",0.2005,-0.1208,0.0208,6.461e-09,0.8566,113246,17192,12,75962912
"12:75955854","t","c",0.2007,-0.1211,0.0209,6.656e-09,0.8401,113246,17192,12,75955854
"5:131817985","a","g",0.7315,0.1165,0.0201,6.69e-09,0.9178,113246,17192,5,131817985
"8:11634809","a","g",0.5757,0.0971,0.0168,6.866e-09,0.008773,110282,16895,8,11634809
"5:131831058","t","g",0.6692,0.1025,0.0177,6.906e-09,0.8803,113246,17192,5,131831058
"16:52378957","t","c",0.1753,0.1242,0.0214,7.009e-09,0.4008,113246,17192,16,52378957
"5:131826310","a","g",0.3307,-0.1025,0.0177,7.093e-09,0.876,113246,17192,5,131826310
"12:75961332","t","c",0.2007,-0.1204,0.0208,7.218e-09,0.8613,113246,17192,12,75961332
"11:113945609","a","g",0.1744,-0.1302,0.0225,7.218e-09,0.1184,113246,17192,11,113945609
"16:52378731","a","c",0.8242,-0.124,0.0214,7.224e-09,0.4125,113246,17192,16,52378731
"12:75978677","a","g",0.2415,-0.1122,0.0194,7.23e-09,0.3115,113246,17192,12,75978677
"8:11631906","a","g",0.3218,0.1008,0.0174,7.278e-09,0.04464,110282,16895,8,11631906
"12:56473808","t","c",0.4215,0.0969,0.0168,7.329e-09,0.2301,113246,17192,12,56473808
"16:52373698","a","g",0.8201,-0.1196,0.0207,7.385e-09,0.3859,113246,17192,16,52373698
"16:52377920","t","c",0.8247,-0.1233,0.0213,7.401e-09,0.4142,113246,17192,16,52377920
"16:52374253","t","c",0.8252,-0.1218,0.0211,7.573e-09,0.4198,113246,17192,16,52374253
"12:56467587","t","c",0.5252,-0.0985,0.0171,7.653e-09,0.03477,113246,17192,12,56467587
"5:131822133","t","c",0.6693,0.1016,0.0176,7.88e-09,0.9472,113246,17192,5,131822133
"5:131821866","t","g",0.6694,0.1016,0.0176,7.921e-09,0.9472,113246,17192,5,131821866
"12:75978996","a","t",0.7524,0.1108,0.0192,8.242e-09,0.2579,113246,17192,12,75978996
"5:131830682","t","c",0.3259,-0.1022,0.0177,8.303e-09,0.8741,113246,17192,5,131830682
"12:75917200","t","c",0.2717,-0.1087,0.0189,8.306e-09,0.6869,113246,17192,12,75917200
"X:2846021","a","g",0.0765,0.5421,0.0941,8.35e-09,0.0285,14463.9,4729,23,2846021
"5:131829297","a","g",0.6702,0.1018,0.0177,8.526e-09,0.8941,113246,17192,5,131829297
"11:102081877","a","c",0.9025,-0.1537,0.0267,8.812e-09,0.258,113246,17192,11,102081877
"12:75953212","t","c",0.2007,-0.12,0.0209,8.936e-09,0.8246,113246,17192,12,75953212
"11:113946484","t","c",0.1752,-0.1298,0.0226,8.979e-09,0.08472,113246,17192,11,113946484
"12:75954175","a","c",0.2008,-0.12,0.0209,9.01e-09,0.8251,113246,17192,12,75954175
"5:131832687","t","c",0.6695,0.1017,0.0177,9.077e-09,0.8829,113246,17192,5,131832687
"5:131827775","a","g",0.4351,-0.0958,0.0167,9.215e-09,0.8418,113246,17192,5,131827775
"16:52374129","t","c",0.1752,0.1211,0.0211,9.363e-09,0.4467,113246,17192,16,52374129
"16:52369639","c","g",0.1786,0.1193,0.0208,9.393e-09,0.421,113246,17192,16,52369639
"5:131826875","t","c",0.3343,-0.1014,0.0177,9.398e-09,0.8976,113246,17192,5,131826875
"12:75959966","t","c",0.2066,-0.1181,0.0206,9.493e-09,0.7247,113246,17192,12,75959966
"16:52367567","a","g",0.8202,-0.1185,0.0207,9.973e-09,0.4197,113246,17192,16,52367567
"16:52366843","a","c",0.8196,-0.1185,0.0207,1.01e-08,0.4184,113246,17192,16,52366843
"16:52360185","a","g",0.1793,0.1184,0.0207,1.026e-08,0.4205,113246,17192,16,52360185
"12:75911400","t","c",0.7286,0.1081,0.0189,1.031e-08,0.6892,113246,17192,12,75911400
"16:52363975","a","c",0.8206,-0.1183,0.0207,1.055e-08,0.4216,113246,17192,16,52363975
"5:131835395","a","g",0.6736,0.1016,0.0178,1.059e-08,0.8045,113246,17192,5,131835395
"12:75980551","a","c",0.2016,-0.1188,0.0208,1.075e-08,0.8339,113246,17192,12,75980551
"16:52359470","a","g",0.8207,-0.1181,0.0207,1.104e-08,0.4369,113246,17192,16,52359470
"5:131827065","a","g",0.3256,-0.1012,0.0177,1.118e-08,0.892,113246,17192,5,131827065
"5:131827191","t","c",0.3256,-0.1012,0.0177,1.12e-08,0.8919,113246,17192,5,131827191
"16:52356792","c","g",0.8204,-0.1182,0.0207,1.131e-08,0.4235,113246,17192,16,52356792
"16:52361766","t","c",0.8207,-0.1181,0.0207,1.133e-08,0.4278,113246,17192,16,52361766
"16:52366446","t","c",0.1793,0.1182,0.0207,1.135e-08,0.3868,113246,17192,16,52366446
"12:75979893","t","c",0.2018,-0.1186,0.0208,1.135e-08,0.8408,113246,17192,12,75979893
"16:52371522","a","g",0.1795,0.1182,0.0207,1.144e-08,0.3658,113246,17192,16,52371522
"12:75912840","t","c",0.2471,-0.1145,0.0201,1.155e-08,0.7697,113246,17192,12,75912840
"16:52375320","a","c",0.1751,0.1204,0.0211,1.186e-08,0.4074,113246,17192,16,52375320
"11:102079860","a","g",0.9032,-0.1527,0.0268,1.221e-08,0.1971,113246,17192,11,102079860
"16:52365730","t","c",0.8205,-0.1178,0.0207,1.229e-08,0.3933,113246,17192,16,52365730
"5:131831766","t","g",0.3278,-0.1012,0.0178,1.28e-08,0.902,113246,17192,5,131831766
"16:52358948","a","g",0.1794,0.1175,0.0207,1.317e-08,0.414,113246,17192,16,52358948
"8:11614769","t","c",0.2372,0.1082,0.019,1.318e-08,0.001451,110282,16895,8,11614769
"5:131832514","a","g",0.5653,0.095,0.0167,1.338e-08,0.8294,113246,17192,5,131832514
"5:131826765","t","c",0.3299,-0.1006,0.0177,1.367e-08,0.8926,113246,17192,5,131826765
"5:131826880","t","g",0.6632,0.1003,0.0177,1.379e-08,0.8834,113246,17192,5,131826880
"12:75978513","a","g",0.2418,-0.11,0.0194,1.434e-08,0.353,113246,17192,12,75978513
"11:102034880","t","c",0.0673,0.1903,0.0336,1.482e-08,0.2425,113246,17192,11,102034880
"11:102090467","c","g",0.0975,0.1515,0.0268,1.526e-08,0.2562,113246,17192,11,102090467
"12:75978358","a","g",0.2482,-0.1087,0.0192,1.552e-08,0.2854,113246,17192,12,75978358
"8:11635616","a","g",0.7591,-0.1071,0.0189,1.564e-08,0.008025,110282,16895,8,11635616
"12:75944025","t","c",0.7929,0.1163,0.0206,1.569e-08,0.6908,113246,17192,12,75944025
"12:75917128","t","c",0.7669,0.1122,0.0198,1.579e-08,0.8136,113246,17192,12,75917128
"12:75955485","t","c",0.2144,-0.1165,0.0206,1.591e-08,0.6744,113246,17192,12,75955485
"8:11615695","a","g",0.4872,-0.0927,0.0164,1.631e-08,0.005523,110282,16895,8,11615695
"11:102091244","t","g",0.9032,-0.1513,0.0268,1.651e-08,0.2027,113246,17192,11,102091244
"16:52358602","t","c",0.8159,-0.1162,0.0206,1.73e-08,0.4578,113246,17192,16,52358602
"12:75915566","a","g",0.3562,-0.1115,0.0198,1.743e-08,0.9763,113246,17192,12,75915566
"11:113939783","a","g",0.8218,0.1271,0.0225,1.744e-08,0.07998,113246,17192,11,113939783
"11:113939539","a","g",0.8224,0.1281,0.0227,1.768e-08,0.09139,113246,17192,11,113939539
"11:113945804","t","c",0.1839,-0.1263,0.0224,1.807e-08,0.07985,113246,17192,11,113945804
"8:11640611","t","c",0.2375,0.1065,0.0189,1.849e-08,0.005348,110282,16895,8,11640611
"8:11616836","a","g",0.2439,0.1052,0.0187,1.871e-08,0.001105,110282,16895,8,11616836
"12:75922217","a","g",0.2287,-0.1115,0.0199,1.927e-08,0.8613,113246,17192,12,75922217
"12:56435929","c","g",0.4156,0.0925,0.0165,2.017e-08,0.2318,113246,17192,12,56435929
"11:113939671","t","c",0.1781,-0.1265,0.0226,2.088e-08,0.08416,113246,17192,11,113939671
"12:75913954","a","g",0.2865,-0.1049,0.0188,2.346e-08,0.6974,113246,17192,12,75913954
"12:56466473","t","c",0.3321,0.0968,0.0174,2.442e-08,0.6383,113246,17192,12,56466473
"11:113940469","a","c",0.1749,-0.1264,0.0227,2.478e-08,0.0905,113246,17192,11,113940469
"9:5440589","a","c",0.3078,0.1097,0.0197,2.51e-08,0.7643,113246,17192,9,5440589
"8:11644751","a","g",0.5641,0.0927,0.0166,2.561e-08,0.002483,110282,16895,8,11644751
"20:31418581","t","c",0.4636,0.0932,0.0167,2.626e-08,0.871,113246,17192,20,31418581
"12:56474480","a","g",0.3399,0.0953,0.0172,2.812e-08,0.2989,113246,17192,12,56474480
"20:31401736","t","c",0.4466,0.0909,0.0164,2.842e-08,0.7775,113246,17192,20,31401736
"9:97723266","a","g",0.4284,-0.0933,0.0168,2.946e-08,0.02878,113246,17192,9,97723266
"12:56474379","t","c",0.3399,0.0951,0.0172,2.946e-08,0.2762,113246,17192,12,56474379
"9:97669673","a","g",0.5733,0.0917,0.0165,3e-08,0.04508,113246,17192,9,97669673
"5:131813219","a","t",0.5816,0.0937,0.0169,3.034e-08,0.8493,113246,17192,5,131813219
"12:56444632","t","c",0.3345,0.0952,0.0172,3.132e-08,0.5281,113246,17192,12,56444632
"9:97723449","t","c",0.4225,-0.0936,0.0169,3.137e-08,0.04475,113246,17192,9,97723449
"11:30364200:ID","d","i",0.121,0.1532,0.0277,3.183e-08,0.005937,104786,14842,11,30364200
"8:11643915","a","g",0.7555,-0.1037,0.0188,3.193e-08,0.008743,110282,16895,8,11643915
"12:56401085","a","g",0.588,-0.0909,0.0165,3.229e-08,0.2314,113246,17192,12,56401085
"8:11654796","a","g",0.4233,-0.0921,0.0167,3.442e-08,0.01421,110282,16895,8,11654796
"2:213384313","t","g",0.0922,0.1538,0.0279,3.485e-08,0.5501,113246,17192,2,213384313
"11:113940931","t","c",0.8054,0.1249,0.0227,3.602e-08,0.1119,113246,17192,11,113940931
"8:11609169","t","c",0.3454,0.0938,0.0171,3.853e-08,0.02,110282,16895,8,11609169
"8:11632528","a","g",0.5667,0.0915,0.0167,4.132e-08,0.006756,110282,16895,8,11632528
"20:31430191","a","g",0.4403,0.0894,0.0163,4.257e-08,0.8871,113246,17192,20,31430191
"12:56480583","a","g",0.6618,-0.0938,0.0171,4.336e-08,0.2518,113246,17192,12,56480583
"20:31429865","t","c",0.5598,-0.0893,0.0163,4.407e-08,0.8872,113246,17192,20,31429865
"20:31435260","t","g",0.4402,0.0893,0.0163,4.44e-08,0.8908,113246,17192,20,31435260
"20:31418617","a","g",0.4406,0.0892,0.0163,4.462e-08,0.8887,113246,17192,20,31418617
"20:31436747","t","c",0.5598,-0.0892,0.0163,4.525e-08,0.8905,113246,17192,20,31436747
"20:31426626","a","c",0.5597,-0.0892,0.0163,4.55e-08,0.8896,113246,17192,20,31426626
"20:31433190","t","c",0.5598,-0.0892,0.0163,4.567e-08,0.8909,113246,17192,20,31433190
"12:56393337","c","g",0.5998,-0.0917,0.0168,4.628e-08,0.462,113246,17192,12,56393337
